主机名	I P 地址	成功次数	总计发送Pings数	最后 Ping 状态	最后 Ping 时间	
43.206.213.88	43.206.213.88:443	10	10	成功	109	
43.206.213.88	43.206.213.88:443	10	10	成功	140	
ec2-43-207-216-241.ap-northeast-1.compute.amazonaws.com	43.207.216.241:443	10	10	成功	140	
43.206.192.211	43.206.192.211:443	10	10	成功	140	
ec2-43-207-140-73.ap-northeast-1.compute.amazonaws.com	43.207.140.73:80	10	10	成功	141	
43.206.213.88	43.206.213.88:80	10	10	成功	156	
57.180.17.55	57.180.17.55:443	10	10	成功	172	
ec2-43-207-140-73.ap-northeast-1.compute.amazonaws.com	43.207.140.73:443	10	10	成功	187	
188.253.26.230	188.253.26.230:443	10	10	成功	187	
57.181.31.247	57.181.31.247:443	10	10	成功	188	
188.253.26.76	188.253.26.76:443	10	10	成功	203	
188.253.26.171	188.253.26.171:443	10	10	成功	203	
188.253.26.93	188.253.26.93:443	10	10	成功	218	
188.253.26.143	188.253.26.143:443	10	10	成功	219	
188.253.24.161	188.253.24.161:7443	10	10	成功	234	
188.253.26.76	188.253.26.76:443	10	10	成功	234	
188.253.22.219	188.253.22.219:2053	10	10	成功	250	
188.253.19.142	188.253.19.142:2053	10	10	成功	250	
188.253.17.31	188.253.17.31:443	10	10	成功	250	
188.253.17.94	188.253.17.94:443	10	10	成功	250	
188.253.20.253	188.253.20.253:8443	10	10	成功	265	
188.253.19.142	188.253.19.142:8443	10	10	成功	265	
188.253.19.91	188.253.19.91:443	10	10	成功	265	
188.253.19.248	188.253.19.248:2053	10	10	成功	265	
188.253.20.27	188.253.20.27:8443	10	10	成功	280	
188.253.19.248	188.253.19.248:2053	10	10	成功	281	
188.253.21.12	188.253.21.12:2053	10	10	成功	281	
188.253.24.169	188.253.24.169:80	10	10	成功	281	
188.253.20.27	188.253.20.27:8443	10	10	成功	281	
188.253.21.12	188.253.21.12:8443	10	10	成功	296	
188.253.21.32	188.253.21.32:443	10	10	成功	296	
188.253.19.164	188.253.19.164:443	10	10	成功	296	
188.253.19.142	188.253.19.142:2053	10	10	成功	296	
188.253.22.219	188.253.22.219:2053	10	10	成功	296	
188.253.19.222	188.253.19.222:2053	10	10	成功	296	
188.253.26.206	188.253.26.206:443	10	10	成功	297	
188.253.24.169	188.253.24.169:80	10	10	成功	312	
188.253.19.142	188.253.19.142:8443	10	10	成功	312	
188.253.22.219	188.253.22.219:8443	10	10	成功	312	
188.253.24.217	188.253.24.217:443	10	10	成功	312	
188.253.21.232	188.253.21.232:443	10	10	成功	312	
188.253.23.162	188.253.23.162:443	10	10	成功	328	
188.253.16.239	188.253.16.239:8443	10	10	成功	328	
188.253.24.71	188.253.24.71:443	10	10	成功	328	
188.253.16.247	188.253.16.247:443	10	10	成功	374	
188.253.23.244	188.253.23.244:443	10	10	成功	390	
188.253.23.162	188.253.23.162:443	10	10	成功	406	
ec2-43-207-140-73.ap-northeast-1.compute.amazonaws.com	43.207.140.73:443	9	10	成功	78	
57.181.31.247	57.181.31.247:443	9	10	成功	140	
ec2-43-207-140-73.ap-northeast-1.compute.amazonaws.com	43.207.140.73:443	9	10	成功	141	
57.180.166.30	57.180.166.30:443	9	10	成功	141	
57.180.166.30	57.180.166.30:443	9	10	成功	156	
43.207.165.243	43.207.165.243:443	9	10	成功	156	
57.180.166.30	57.180.166.30:80	9	10	成功	172	
188.253.24.229	188.253.24.229:2053	9	10	成功	203	
57.180.166.30	57.180.166.30:443	9	10	成功	203	
188.253.24.229	188.253.24.229:2053	9	10	成功	203	
188.253.24.161	188.253.24.161:2053	9	10	成功	219	
188.253.24.16	188.253.24.16:443	9	10	成功	234	
188.253.19.222	188.253.19.222:2053	9	10	成功	250	
188.253.16.238	188.253.16.238:2053	9	10	成功	265	
188.253.19.100	188.253.19.100:8443	9	10	成功	265	
188.253.20.26	188.253.20.26:8443	9	10	成功	265	
188.253.24.161	188.253.24.161:8443	9	10	成功	265	
188.253.24.229	188.253.24.229:8443	9	10	成功	266	
188.253.23.21	188.253.23.21:443	9	10	成功	296	
188.253.19.91	188.253.19.91:443	9	10	成功	297	
188.253.18.47	188.253.18.47:443	9	10	成功	297	
188.253.16.102	188.253.16.102:443	9	10	成功	297	
188.253.22.38	188.253.22.38:8443	9	10	成功	312	
188.253.22.38	188.253.22.38:8443	9	10	成功	312	
188.253.20.253	188.253.20.253:8443	9	10	成功	327	
188.253.22.219	188.253.22.219:8443	9	10	成功	328	
188.253.19.248	188.253.19.248:8443	9	10	成功	328	
188.253.21.197	188.253.21.197:443	9	10	成功	344	
188.253.19.100	188.253.19.100:8443	9	10	成功	344	
188.253.18.111	188.253.18.111:443	9	10	成功	374	
188.253.21.197	188.253.21.197:443	9	10	成功	390	
